{"chunk_definitions":[{"row":292,"row_count":1,"visible":true,"expansion_state":0,"options":{"engine":"r","label":"setup","include":false},"document_id":"3BC241F5","chunk_id":"csetup_chunk","chunk_label":"setup"},{"row":333,"row_count":1,"visible":true,"expansion_state":0,"options":{},"document_id":"3BC241F5","chunk_id":"czd4ipuccnrvw","chunk_label":"unnamed-chunk-1"},{"row":339,"row_count":1,"visible":true,"expansion_state":0,"options":{},"document_id":"3BC241F5","chunk_id":"cqmstnlk1mtjr","chunk_label":"unnamed-chunk-2"},{"row":406,"row_count":1,"visible":true,"expansion_state":0,"options":{},"document_id":"3BC241F5","chunk_id":"c8j1b9nf5r4mb","chunk_label":"unnamed-chunk-3"},{"row":430,"row_count":1,"visible":true,"expansion_state":0,"options":{},"document_id":"3BC241F5","chunk_id":"ctio3270f74j8","chunk_label":"unnamed-chunk-4"},{"row":453,"row_count":1,"visible":true,"expansion_state":0,"options":{},"document_id":"3BC241F5","chunk_id":"cbdjd2dt48mu9","chunk_label":"unnamed-chunk-5"},{"row":467,"row_count":1,"visible":true,"expansion_state":0,"options":{},"document_id":"3BC241F5","chunk_id":"cdiboqsviqp0c","chunk_label":"unnamed-chunk-6"},{"row":489,"row_count":1,"visible":true,"expansion_state":0,"options":{},"document_id":"3BC241F5","chunk_id":"c3qjy2soa9yg9","chunk_label":"unnamed-chunk-7"},{"row":506,"row_count":1,"visible":true,"expansion_state":0,"options":{},"document_id":"3BC241F5","chunk_id":"cqevcvvjq8var","chunk_label":"unnamed-chunk-8"},{"row":519,"row_count":1,"visible":true,"expansion_state":0,"options":{},"document_id":"3BC241F5","chunk_id":"c4amr1o625xn6","chunk_label":"unnamed-chunk-9"},{"row":543,"row_count":1,"visible":true,"expansion_state":0,"options":{},"document_id":"3BC241F5","chunk_id":"c61m0401p1miv","chunk_label":"unnamed-chunk-10"},{"row":571,"row_count":1,"visible":true,"expansion_state":0,"options":{},"document_id":"3BC241F5","chunk_id":"clbes23tqviy0","chunk_label":"unnamed-chunk-11"},{"row":585,"row_count":1,"visible":true,"expansion_state":0,"options":{},"document_id":"3BC241F5","chunk_id":"cil3a2q5bs9o9","chunk_label":"unnamed-chunk-12"},{"row":595,"row_count":1,"visible":true,"expansion_state":0,"options":{},"document_id":"3BC241F5","chunk_id":"cdg20awq7iwpq","chunk_label":"unnamed-chunk-13"},{"row":605,"row_count":1,"visible":true,"expansion_state":0,"options":{},"document_id":"3BC241F5","chunk_id":"cjfdosnfete04","chunk_label":"unnamed-chunk-14"},{"row":616,"row_count":1,"visible":true,"expansion_state":0,"options":{},"document_id":"3BC241F5","chunk_id":"cc2vbug4fjoby","chunk_label":"unnamed-chunk-15"},{"row":631,"row_count":1,"visible":true,"expansion_state":0,"options":{},"document_id":"3BC241F5","chunk_id":"cb0885w4azb1o","chunk_label":"unnamed-chunk-16"},{"row":657,"row_count":1,"visible":true,"expansion_state":0,"options":{},"document_id":"3BC241F5","chunk_id":"clpd341e2jpkt","chunk_label":"unnamed-chunk-17"},{"row":674,"row_count":1,"visible":true,"expansion_state":0,"options":{},"document_id":"3BC241F5","chunk_id":"cvsxutzac3085","chunk_label":"unnamed-chunk-18"},{"row":695,"row_count":1,"visible":true,"expansion_state":0,"options":{},"document_id":"3BC241F5","chunk_id":"c7u8i677wntzz","chunk_label":"unnamed-chunk-19"},{"row":714,"row_count":1,"visible":true,"expansion_state":0,"options":{},"document_id":"3BC241F5","chunk_id":"ctsmdrmpvt7sr","chunk_label":"unnamed-chunk-20"},{"row":727,"row_count":1,"visible":true,"expansion_state":0,"options":{},"document_id":"3BC241F5","chunk_id":"cmmzdovtmnwry","chunk_label":"unnamed-chunk-21"},{"row":752,"row_count":1,"visible":true,"expansion_state":0,"options":{},"document_id":"3BC241F5","chunk_id":"c5bu28i4xxbo2","chunk_label":"unnamed-chunk-22"},{"row":780,"row_count":1,"visible":true,"expansion_state":0,"options":{},"document_id":"3BC241F5","chunk_id":"cy6z9sima1ll7","chunk_label":"unnamed-chunk-23"},{"row":796,"row_count":1,"visible":true,"expansion_state":0,"options":{},"document_id":"3BC241F5","chunk_id":"cwat5c9p7vsib","chunk_label":"unnamed-chunk-24"},{"row":817,"row_count":1,"visible":true,"expansion_state":0,"options":{},"document_id":"3BC241F5","chunk_id":"cbctmq3qx2yta","chunk_label":"unnamed-chunk-25"},{"row":835,"row_count":1,"visible":true,"expansion_state":0,"options":{},"document_id":"3BC241F5","chunk_id":"cjb16an87zb6j","chunk_label":"unnamed-chunk-26"},{"row":848,"row_count":1,"visible":true,"expansion_state":0,"options":{},"document_id":"3BC241F5","chunk_id":"cw97ins1z1bmq","chunk_label":"unnamed-chunk-27"},{"row":861,"row_count":1,"visible":true,"expansion_state":0,"options":{},"document_id":"3BC241F5","chunk_id":"ct5suu1nhswsz","chunk_label":"unnamed-chunk-28"},{"row":884,"row_count":1,"visible":true,"expansion_state":0,"options":{},"document_id":"3BC241F5","chunk_id":"ct9j5hsm67a4q","chunk_label":"unnamed-chunk-29"},{"row":912,"row_count":1,"visible":true,"expansion_state":0,"options":{},"document_id":"3BC241F5","chunk_id":"cspcjmqcdsf1q","chunk_label":"unnamed-chunk-30"},{"row":926,"row_count":1,"visible":true,"expansion_state":0,"options":{},"document_id":"3BC241F5","chunk_id":"cq821vszcg8hp","chunk_label":"unnamed-chunk-31"},{"row":945,"row_count":1,"visible":true,"expansion_state":0,"options":{},"document_id":"3BC241F5","chunk_id":"c5c4g1qg5me5x","chunk_label":"unnamed-chunk-32"},{"row":961,"row_count":1,"visible":true,"expansion_state":0,"options":{},"document_id":"3BC241F5","chunk_id":"ctz6xkubpj5qw","chunk_label":"unnamed-chunk-33"},{"row":973,"row_count":1,"visible":true,"expansion_state":0,"options":{},"document_id":"3BC241F5","chunk_id":"czyjwk2ig6505","chunk_label":"unnamed-chunk-34"},{"row":996,"row_count":1,"visible":true,"expansion_state":0,"options":{},"document_id":"3BC241F5","chunk_id":"cpzy2jmtkcw5m","chunk_label":"unnamed-chunk-35"},{"row":1022,"row_count":1,"visible":true,"expansion_state":0,"options":{},"document_id":"3BC241F5","chunk_id":"cd6zthbtwkddz","chunk_label":"unnamed-chunk-36"},{"row":1036,"row_count":1,"visible":true,"expansion_state":0,"options":{},"document_id":"3BC241F5","chunk_id":"crprsd5sztcsa","chunk_label":"unnamed-chunk-37"},{"row":1046,"row_count":1,"visible":true,"expansion_state":0,"options":{},"document_id":"3BC241F5","chunk_id":"c3xvmjynelpwk","chunk_label":"unnamed-chunk-38"},{"row":1056,"row_count":1,"visible":true,"expansion_state":0,"options":{},"document_id":"3BC241F5","chunk_id":"cq6flnvezo6c0","chunk_label":"unnamed-chunk-39"},{"row":1068,"row_count":1,"visible":true,"expansion_state":0,"options":{},"document_id":"3BC241F5","chunk_id":"chghrjwb9li47","chunk_label":"unnamed-chunk-40"},{"row":1084,"row_count":1,"visible":true,"expansion_state":0,"options":{},"document_id":"3BC241F5","chunk_id":"codiuwxfs4m36","chunk_label":"unnamed-chunk-41"},{"row":1107,"row_count":1,"visible":true,"expansion_state":0,"options":{},"document_id":"3BC241F5","chunk_id":"cwmgqie29zq1k","chunk_label":"unnamed-chunk-42"},{"row":1124,"row_count":1,"visible":true,"expansion_state":0,"options":{},"document_id":"3BC241F5","chunk_id":"c6g4cx12qekik","chunk_label":"unnamed-chunk-43"},{"row":1143,"row_count":1,"visible":true,"expansion_state":0,"options":{},"document_id":"3BC241F5","chunk_id":"c1992k9jo1pdb","chunk_label":"unnamed-chunk-44"},{"row":1160,"row_count":1,"visible":true,"expansion_state":0,"options":{},"document_id":"3BC241F5","chunk_id":"cv62fmd0wr2qe","chunk_label":"unnamed-chunk-45"},{"row":1172,"row_count":1,"visible":true,"expansion_state":0,"options":{},"document_id":"3BC241F5","chunk_id":"cu5r3p65xsi5h","chunk_label":"unnamed-chunk-46"},{"row":1194,"row_count":1,"visible":true,"expansion_state":0,"options":{},"document_id":"3BC241F5","chunk_id":"cultvaq0n404j","chunk_label":"unnamed-chunk-47"},{"row":1221,"row_count":1,"visible":true,"expansion_state":0,"options":{},"document_id":"3BC241F5","chunk_id":"cwnyrhvtrbjhc","chunk_label":"unnamed-chunk-48"},{"row":1234,"row_count":1,"visible":true,"expansion_state":0,"options":{},"document_id":"3BC241F5","chunk_id":"c9ukt6kpcxyf4","chunk_label":"unnamed-chunk-49"},{"row":1253,"row_count":1,"visible":true,"expansion_state":0,"options":{},"document_id":"3BC241F5","chunk_id":"c41elxhlznhfp","chunk_label":"unnamed-chunk-50"},{"row":1269,"row_count":1,"visible":true,"expansion_state":0,"options":{},"document_id":"3BC241F5","chunk_id":"cad0m9vf6zjgu","chunk_label":"unnamed-chunk-51"},{"row":1281,"row_count":1,"visible":true,"expansion_state":0,"options":{},"document_id":"3BC241F5","chunk_id":"cq4lra16s4qg4","chunk_label":"unnamed-chunk-52"},{"row":1293,"row_count":1,"visible":true,"expansion_state":0,"options":{},"document_id":"3BC241F5","chunk_id":"cfnhqk14i1kgt","chunk_label":"unnamed-chunk-53"},{"row":1316,"row_count":1,"visible":true,"expansion_state":0,"options":{},"document_id":"3BC241F5","chunk_id":"cc53bjiz4n7j8","chunk_label":"unnamed-chunk-54"},{"row":1339,"row_count":1,"visible":true,"expansion_state":0,"options":{},"document_id":"3BC241F5","chunk_id":"ce1ltqn0jotsb","chunk_label":"unnamed-chunk-55"},{"row":1353,"row_count":1,"visible":true,"expansion_state":0,"options":{},"document_id":"3BC241F5","chunk_id":"cl0rne1rkjqec","chunk_label":"unnamed-chunk-56"},{"row":1373,"row_count":1,"visible":true,"expansion_state":0,"options":{},"document_id":"3BC241F5","chunk_id":"c1apypymj3w45","chunk_label":"unnamed-chunk-57"},{"row":1392,"row_count":1,"visible":true,"expansion_state":0,"options":{},"document_id":"3BC241F5","chunk_id":"cvdde0pak8d8x","chunk_label":"unnamed-chunk-58"},{"row":1405,"row_count":1,"visible":true,"expansion_state":0,"options":{},"document_id":"3BC241F5","chunk_id":"ch8rn3dvfxd7s","chunk_label":"unnamed-chunk-59"},{"row":1428,"row_count":1,"visible":true,"expansion_state":0,"options":{},"document_id":"3BC241F5","chunk_id":"ct55sg5ak33di","chunk_label":"unnamed-chunk-60"},{"row":1455,"row_count":1,"visible":true,"expansion_state":0,"options":{},"document_id":"3BC241F5","chunk_id":"cvjanwlozhn5e","chunk_label":"unnamed-chunk-61"},{"row":1469,"row_count":1,"visible":true,"expansion_state":0,"options":{},"document_id":"3BC241F5","chunk_id":"c8kwpoh8o5bzx","chunk_label":"unnamed-chunk-62"},{"row":1479,"row_count":1,"visible":true,"expansion_state":0,"options":{},"document_id":"3BC241F5","chunk_id":"czmc93315hi6j","chunk_label":"unnamed-chunk-63"},{"row":1488,"row_count":1,"visible":true,"expansion_state":0,"options":{},"document_id":"3BC241F5","chunk_id":"cq3em2a3bqu7c","chunk_label":"unnamed-chunk-64"},{"row":1499,"row_count":1,"visible":true,"expansion_state":0,"options":{},"document_id":"3BC241F5","chunk_id":"c0f7p3i2hzjv3","chunk_label":"unnamed-chunk-65"},{"row":1511,"row_count":1,"visible":true,"expansion_state":0,"options":{},"document_id":"3BC241F5","chunk_id":"c13jqrskantzl","chunk_label":"unnamed-chunk-66"},{"row":1539,"row_count":1,"visible":true,"expansion_state":0,"options":{},"document_id":"3BC241F5","chunk_id":"czc71xkuwopqr","chunk_label":"unnamed-chunk-67"},{"row":1555,"row_count":1,"visible":true,"expansion_state":0,"options":{},"document_id":"3BC241F5","chunk_id":"cteumltbfcpu4","chunk_label":"unnamed-chunk-68"},{"row":1575,"row_count":1,"visible":true,"expansion_state":0,"options":{},"document_id":"3BC241F5","chunk_id":"c55r5uvo6oij7","chunk_label":"unnamed-chunk-69"},{"row":1594,"row_count":1,"visible":true,"expansion_state":0,"options":{},"document_id":"3BC241F5","chunk_id":"cmpaadf3d6vce","chunk_label":"unnamed-chunk-70"},{"row":1607,"row_count":1,"visible":true,"expansion_state":0,"options":{},"document_id":"3BC241F5","chunk_id":"c1v1np4lyy4fc","chunk_label":"unnamed-chunk-71"},{"row":1630,"row_count":1,"visible":true,"expansion_state":0,"options":{},"document_id":"3BC241F5","chunk_id":"caynu9zdpaxpx","chunk_label":"unnamed-chunk-72"},{"row":1658,"row_count":1,"visible":true,"expansion_state":0,"options":{},"document_id":"3BC241F5","chunk_id":"cxxhq9fveltwl","chunk_label":"unnamed-chunk-73"},{"row":1672,"row_count":1,"visible":true,"expansion_state":0,"options":{},"document_id":"3BC241F5","chunk_id":"ci2x7m451fvf0","chunk_label":"unnamed-chunk-74"},{"row":1691,"row_count":1,"visible":true,"expansion_state":0,"options":{},"document_id":"3BC241F5","chunk_id":"csam9x5q3t8pe","chunk_label":"unnamed-chunk-75"},{"row":1708,"row_count":1,"visible":true,"expansion_state":0,"options":{},"document_id":"3BC241F5","chunk_id":"c7i5rfvftkzq9","chunk_label":"unnamed-chunk-76"},{"row":1721,"row_count":1,"visible":true,"expansion_state":0,"options":{},"document_id":"3BC241F5","chunk_id":"cahsf9esi78v6","chunk_label":"unnamed-chunk-77"},{"row":1734,"row_count":1,"visible":true,"expansion_state":0,"options":{},"document_id":"3BC241F5","chunk_id":"c0hwuvjfcsnb0","chunk_label":"unnamed-chunk-78"},{"row":1757,"row_count":1,"visible":true,"expansion_state":0,"options":{},"document_id":"3BC241F5","chunk_id":"c0dkihhoah05w","chunk_label":"unnamed-chunk-79"},{"row":1789,"row_count":1,"visible":true,"expansion_state":0,"options":{},"document_id":"3BC241F5","chunk_id":"cmvzvgngbadra","chunk_label":"unnamed-chunk-80"},{"row":1793,"row_count":1,"visible":true,"expansion_state":0,"options":{},"document_id":"3BC241F5","chunk_id":"c3yct8qzfljbu","chunk_label":"unnamed-chunk-81"},{"row":1840,"row_count":1,"visible":true,"expansion_state":0,"options":{},"document_id":"3BC241F5","chunk_id":"clgalmw397kxq","chunk_label":"unnamed-chunk-82"},{"row":1847,"row_count":1,"visible":true,"expansion_state":0,"options":{},"document_id":"3BC241F5","chunk_id":"c8658gjxiw0tg","chunk_label":"unnamed-chunk-83"},{"row":1852,"row_count":1,"visible":true,"expansion_state":0,"options":{},"document_id":"3BC241F5","chunk_id":"ccpig1rk1fkqg","chunk_label":"unnamed-chunk-84"},{"row":1857,"row_count":1,"visible":true,"expansion_state":0,"options":{},"document_id":"3BC241F5","chunk_id":"cg7dg4x318bk1","chunk_label":"unnamed-chunk-85"},{"row":1863,"row_count":1,"visible":true,"expansion_state":0,"options":{},"document_id":"3BC241F5","chunk_id":"ca6px5wfmcc3q","chunk_label":"unnamed-chunk-86"},{"row":1868,"row_count":1,"visible":true,"expansion_state":0,"options":{},"document_id":"3BC241F5","chunk_id":"ci6p6yx7ukl9t","chunk_label":"unnamed-chunk-87"},{"row":1883,"row_count":1,"visible":true,"expansion_state":0,"options":{},"document_id":"3BC241F5","chunk_id":"cydzi03l4juxo","chunk_label":"unnamed-chunk-88"},{"row":1917,"row_count":1,"visible":true,"expansion_state":0,"options":{},"document_id":"3BC241F5","chunk_id":"c4afy5ugpgmpn","chunk_label":"unnamed-chunk-89"},{"row":1922,"row_count":1,"visible":true,"expansion_state":0,"options":{},"document_id":"3BC241F5","chunk_id":"can2o40td37fi","chunk_label":"unnamed-chunk-90"},{"row":1933,"row_count":1,"visible":true,"expansion_state":0,"options":{},"document_id":"3BC241F5","chunk_id":"cs6z11h7uhsay","chunk_label":"unnamed-chunk-91"},{"row":1945,"row_count":1,"visible":true,"expansion_state":0,"options":{},"document_id":"3BC241F5","chunk_id":"cje4ykptk4x69","chunk_label":"unnamed-chunk-92"},{"row":2020,"row_count":1,"visible":true,"expansion_state":0,"options":{},"document_id":"3BC241F5","chunk_id":"casszxihanwtj","chunk_label":"unnamed-chunk-93"},{"row":2103,"row_count":1,"visible":true,"expansion_state":0,"options":{},"document_id":"3BC241F5","chunk_id":"cwj626ada38ql","chunk_label":"unnamed-chunk-94"},{"row":2186,"row_count":1,"visible":true,"expansion_state":0,"options":{},"document_id":"3BC241F5","chunk_id":"c91mcs3pwyjdd","chunk_label":"unnamed-chunk-96"},{"row":2262,"row_count":1,"visible":true,"expansion_state":0,"options":{},"document_id":"3BC241F5","chunk_id":"cipj57m7ds4si","chunk_label":"unnamed-chunk-97"},{"row":2280,"row_count":1,"visible":true,"expansion_state":0,"options":{},"document_id":"3BC241F5","chunk_id":"ck8amhn5puxbq","chunk_label":"unnamed-chunk-98"},{"row":2288,"row_count":1,"visible":true,"expansion_state":0,"options":{},"document_id":"3BC241F5","chunk_id":"c2xjryjeltix0","chunk_label":"unnamed-chunk-99"},{"row":2296,"row_count":1,"visible":true,"expansion_state":0,"options":{},"document_id":"3BC241F5","chunk_id":"chunoahbaoh8g","chunk_label":"unnamed-chunk-100"},{"row":2316,"row_count":1,"visible":true,"expansion_state":0,"options":{},"document_id":"3BC241F5","chunk_id":"cz3w6k8157ygt","chunk_label":"unnamed-chunk-101"},{"row":2333,"row_count":1,"visible":true,"expansion_state":0,"options":{},"document_id":"3BC241F5","chunk_id":"cg3acvgmd4h1r","chunk_label":"unnamed-chunk-102"},{"row":2341,"row_count":1,"visible":true,"expansion_state":0,"options":{},"document_id":"3BC241F5","chunk_id":"chb2rq6nrtsmi","chunk_label":"unnamed-chunk-103"},{"row":2346,"row_count":1,"visible":true,"expansion_state":0,"options":{},"document_id":"3BC241F5","chunk_id":"czuf4ww2mzpuz","chunk_label":"unnamed-chunk-104"},{"row":2368,"row_count":1,"visible":true,"expansion_state":0,"options":{},"document_id":"3BC241F5","chunk_id":"cv37je3cqh3rc","chunk_label":"unnamed-chunk-106"},{"row":2376,"row_count":1,"visible":true,"expansion_state":0,"options":{},"document_id":"3BC241F5","chunk_id":"cjuz3qp3nrj0b","chunk_label":"unnamed-chunk-107"},{"row":2390,"row_count":1,"visible":true,"expansion_state":0,"options":{},"document_id":"3BC241F5","chunk_id":"cibmdi2nvbmau","chunk_label":"unnamed-chunk-108"},{"row":2396,"row_count":1,"visible":true,"expansion_state":0,"options":{},"document_id":"3BC241F5","chunk_id":"c71f03epa1y49","chunk_label":"unnamed-chunk-109"},{"row":2418,"row_count":1,"visible":true,"expansion_state":0,"options":{},"document_id":"3BC241F5","chunk_id":"cwu6d1dngm6ou","chunk_label":"unnamed-chunk-110"},{"row":2424,"row_count":1,"visible":true,"expansion_state":0,"options":{},"document_id":"3BC241F5","chunk_id":"cb1k3xg8pfcxt","chunk_label":"unnamed-chunk-111"},{"row":2430,"row_count":1,"visible":true,"expansion_state":0,"options":{},"document_id":"3BC241F5","chunk_id":"cn1zi4lujw73p","chunk_label":"unnamed-chunk-112"},{"row":2436,"row_count":1,"visible":true,"expansion_state":0,"options":{},"document_id":"3BC241F5","chunk_id":"cc67koofd9hn0","chunk_label":"unnamed-chunk-113"},{"row":2442,"row_count":1,"visible":true,"expansion_state":0,"options":{},"document_id":"3BC241F5","chunk_id":"crz6wpdfzr0cy","chunk_label":"unnamed-chunk-114"},{"row":2448,"row_count":1,"visible":true,"expansion_state":0,"options":{},"document_id":"3BC241F5","chunk_id":"cpdrnksnb3ecy","chunk_label":"unnamed-chunk-115"}],"doc_write_time":1669984256,"working_dir":null,"default_chunk_options":{}}