"0","for (i in 1:1) {"
"0","  "
"0","###creamos el data-frame  "
"0","datat<-data.frame(matrix(ncol = 6, nrow = 1,"
"0","                      dimnames = list(NULL, c(""Numero de usuario"", ""Piso"", ""Canal"", ""Grupo"", ""Hora de llegada"", ""Hora toma ascensor""))))  "
"0","###Creando usuarios"
"0","Tiempo_simulacion=10000"
"0","Hora_actual=0"
"0","indice=1"
"0","Vector_piso_que_elige<-(c(""-2"",""2"", ""4"",""5"",""6"",""7"",""8"",""9"",""10"",""11""))"
"0",""
"0","vector_canal_asignado<-(c(""A"",""D""))"
"0","vector_grupo<-(c(""1"",""2"",""3"",""4""))"
"0","while (Hora_actual<Tiempo_simulacion) {"
"0",""
"0","  #creando el usuario n"
"0","  Numero_de_usuario<-indice"
"0","   #generamos piso que elige usuario n"
"0","  piso_que_elige<-sample(Vector_piso_que_elige,1,T,prob=c(0.006369427, 0.006369427, 0.031847134, 0.095541401, 0.229299363, 0.140127389, 0.184713376 ,0.095541401, 0.127388535 ,0.082802548))"
"0","  #generamos TORRE que elige de usuario n"
"0"," "
"0","  #generamos canal asignado de usuario n"
"0","  canal_asignado<-sample(vector_canal_asignado,1,T,prob=c(0.5414013,0.4585987 ))"
"0","  #generamos grupos con los que llega usuario n"
"0","  cantidad_grupo<-sample(vector_grupo,1,T,prob=c(0.80891720, 0.14012739, 0.02547771, 0.02547771))"
"0","  "
"0","  "
"0","  #generamos la hora de llegada del usuario n"
"0","  if(Hora_actual==0){"
"0","    Hora_de_llegada<-0+rexp(1,0.05690468)"
"0","  }"
"0","  else{"
"0","    Hora_de_llegada<-as.numeric(datat[indice,5])+rexp(1,0.05690468)"
"0","  }"
"0","  "
"0","  "
"0","  #generamos la hora toma el ascensor"
"0","  "
"0","   Hora_toma_ascensor<-Hora_de_llegada+rexp(1,0.02534854)"
"0","   "
"0","     #generamos el vector de cliente n"
"0","  usuario_n<-c(Numero_de_usuario,piso_que_elige,canal_asignado,cantidad_grupo,Hora_de_llegada,Hora_toma_ascensor)"
"0",""
"0","  "
"0","  #agregamos el cliente n a la data si llega antes de el tiempo evaluado"
"0","  if(Hora_de_llegada<Tiempo_simulacion){"
"0","    datat<-rbind(datat,usuario_n)"
"0","  }"
"0","  "
"0","  #actualizamos la hora actual a la llegada del ultimo cliente"
"0","  Hora_actual<-Hora_de_llegada"
"0","  "
"0","  #sumamos uno al indice para evaluar al siguiente cliente "
"0","  indice<-indice+1"
"0","}"
"0","  datat <- datat[-1, ]"
"0",""
"0","  #generamos los tiempos "
"0","datat$tiempo_entre_llegadas<-c(datat$Hora.de.llegada[1],diff(as.numeric(datat$Hora.de.llegada)))"
"0",""
"0",""
"0","datat$tiempo_de_cola<-c(as.numeric(datat$Hora.toma.ascensor)-as.numeric(datat$Hora.de.llegada))"
"0",""
"0",""
"0",""
"0",""
"0","}"
"0",""
"0","datat"
