"0","DA <-subset(DF1,DF1$TORRE==""A"")"
"0","DB <-subset(DF1,DF1$TORRE==""B"")"
"0",""
"0","A1<- DA$NUM_CLI"
"0","A2<- DA$PISO"
"0","A3<- DA$TORRE"
"0","A4<- DA$CANAL"
"0","A5<- DA$GRUPO"
"0","A6<- DA$H_LLEGADA"
"0","A7<- DA$H_ATENCION"
"0","A8<- DA$T_SERVICIO"
"0","A9<- DA$T_ENTRE_LLEGADA"
"0","A10<- DA$H_LLEGADAA"
"0","A11<- DA$H_ATENCIONA"
"0","A12<- DA$T_SERVICIOA"
"0","A13<- DA$H_SALIDA"
"0","A14<- DA$T_T_PROCESO"
"0","A15<- DA$TIPO_C"
"0","A16<- DA$T_ESPE_ASC"
"0",""
"0","B1<- DB$NUM_CLI"
"0","B2<- DB$PISO"
"0","B3<- DB$TORRE"
"0","B4<- DB$CANAL"
"0","B5<- DB$GRUPO"
"0","B6<- DB$H_LLEGADA"
"0","B7<- DB$H_ATENCION"
"0","B8<- DB$T_SERVICIO"
"0","B9<- DB$T_ENTRE_LLEGADA"
"0","B10<- DB$H_LLEGADAA"
"0","B11<- DB$H_ATENCIONA"
"0","B12<- DB$T_SERVICIOA"
"0","B13<- DB$H_SALIDA"
"0","B14<- DB$T_T_PROCESO"
"0","B15<- DB$TIPO_C"
"0","B16<- DB$T_ESPE_ASC"
"0",""
