"0","simulacion <-function(m){"
"0","replicas <- c()"
"0",""
"0","for (i in 1:m) {"
"0","  "
"0","  "
"0","###creamos el data-frame  "
"0","datast<-data.frame(matrix(ncol = 7, nrow = 1,"
"0","                      dimnames = list(NULL, c(""Numero de usuario"", ""Piso"", ""TORRE"", ""Canal"", ""Grupo"", ""Hora de llegada"", ""Hora toma ascensor""))))  "
"0","###Creando usuarios"
"0","Tiempo_simulacion=10000"
"0","Hora_actual=0"
"0","indice=1"
"0","Vector_piso_que_elige<-(c(""-2"",""-1"",""2"",""3"",""4"",""5"",""6"",""7"",""8"",""9"",""10"",""11""))"
"0","Vector_TORRE_que_elige<-(c(""A"",""B""))"
"0","vector_canal_asignado<-(c(""A"",""B"",""C"",""D""))"
"0","vector_grupo<-(c(""1"",""2"",""3"",""4"",""5"",""6"",""7""))"
"0","while (Hora_actual<Tiempo_simulacion) {"
"0",""
"0","  #creando el usuario n"
"0","  Numero_de_usuario<-indice"
"0","   #generamos piso que elige usuario n"
"0","  piso_que_elige<-sample(Vector_piso_que_elige,1,T,prob=c(0.030,0.004,0.008,0.004,0.042,0.064,0.202,0.142,0.168,0.092,0.116,0.128))"
"0","  #generamos TORRE que elige de usuario n"
"0","  TORRE_que_elige<-sample(Vector_TORRE_que_elige,1,T,prob=c(0.686,0.314))"
"0","  #generamos canal asignado de usuario n"
"0","  canal_asignado<-sample(vector_canal_asignado,1,T,prob=c(0.250,0.184,0.270,0.296))"
"0","  #generamos grupos con los que llega usuario n"
"0","  cantidad_grupo<-sample(vector_grupo,1,T,prob=c(0.822,0.116,0.040,0.014,0.004,0.002,0.002))"
"0","  "
"0","  "
"0","  #generamos la hora de llegada del usuario n"
"0","  if(Hora_actual==0){"
"0","    Hora_de_llegada<-0+rexp(1,0.05144562)"
"0","  }"
"0","  else{"
"0","    Hora_de_llegada<-as.numeric(datast[indice,6])+rexp(1,0.05144562)"
"0","  }"
"0","  "
"0","  "
"0","  #generamos la hora toma el ascensor"
"0","  "
"0","   Hora_toma_ascensor<-Hora_de_llegada+rgamma(1,3.42886616 , 0.04907175)"
"0","   "
"0","     #generamos el vector de cliente n"
"0","  usuario_n<-c(Numero_de_usuario,piso_que_elige,TORRE_que_elige,canal_asignado,cantidad_grupo,Hora_de_llegada,Hora_toma_ascensor)"
"0",""
"0","  "
"0","  #agregamos el cliente n a la data si llega antes de el tiempo evaluado"
"0","  if(Hora_de_llegada<Tiempo_simulacion){"
"0","    datast<-rbind(datast,usuario_n)"
"0","  }"
"0","  "
"0","  #actualizamos la hora actual a la llegada del ultimo cliente"
"0","  Hora_actual<-Hora_de_llegada"
"0","  "
"0","  #sumamos uno al indice para evaluar al siguiente cliente "
"0","  indice<-indice+1"
"0","}"
"0","  datast <- datast[-1, ]"
"0",""
"0","  #generamos los tiempos "
"0","datast$tiempo_entre_llegadas<-c(datast$Hora.de.llegada[1],diff(as.numeric(datast$Hora.de.llegada)))"
"0",""
"0",""
"0","datast$tiempo_de_cola<-c(as.numeric(datast$Hora.toma.ascensor)-as.numeric(datast$Hora.de.llegada))"
"0",""
"0",""
"0","##replicas[i]<-mean(datast$tiempo_de_cola)"
"0",""
"0","##replicas[i]<-mean(as.numeric(datast$tiempo_entre_llegadas))"
"0",""
"0","}"
"0","return(replicas)"
"0",""
"0","}"
