"0","Variables_Importantes <- c(""Tiempo de llegada al ascensor"",""Tiempo entre llegadas"",""Tiempo en la estación de espera"",""Tiempo de total en el proceso"")"
"0",""
"0","Desviacion_Estandar_seg <- c(round(sd(Fila5, na.rm = T),2),round(sd(Fila8, na.rm = T),2),round(sd(Fila11, na.rm = T),2),round(sd(Fila13, na.rm = T),2))"
"0",""
"0","media_seg <- c(round(mean(Fila5,na.rm = FALSE),2),round(mean(Fila8,na.rm = FALSE),2),round(mean(Fila11,na.rm = FALSE),2),round(mean(Fila13,na.rm = FALSE),2))"
"0",""
"0","conf<-0.95"
"0","Confianza <- c( conf,conf,conf,conf)   "
"0",""
"0","alfa<-1-conf"
"0",""
"0","tolF5=round(0.10*media_seg[1],2)"
"0","tolF8=round(0.1*media_seg[2],2)"
"0","tolF11=round(0.1*media_seg[3],2)"
"0","tolF13=round(0.10*media_seg[4],2)"
"0",""
"0","Tolerancia_seg <- c(tolF5,tolF8,tolF11,tolF13)"
"0",""
"0","Tamanio_Muestra <- c(n_muestra(Desviacion_Estandar_seg[1],Confianza[1],Tolerancia_seg[1]), n_muestra(Desviacion_Estandar_seg[2],Confianza[2],Tolerancia_seg[2]), n_muestra(Desviacion_Estandar_seg[3],Confianza[3],Tolerancia_seg[3]), n_muestra(Desviacion_Estandar_seg[4],Confianza[4],Tolerancia_seg[4]))"
"0",""
"0","TABLA1 <- data.frame(Variables_Importantes,Desviacion_Estandar_seg, media_seg ,Confianza,Tolerancia_seg,Tamanio_Muestra)"
"0","TABLA1"
