"0","lista.paquetes <- c(""readr"",""dplyr"",""fitdistrplus"") "
"0","nuevos.paquetes <- lista.paquetes[!(lista.paquetes %in% installed.packages()[,""Package""])]"
"0","if(length(nuevos.paquetes)) install.packages(nuevos.paquetes) "
"0",""
"0","library(readr)"
"0","library(dplyr)"
"2","
Attaching package: ‘dplyr’

"
"2","The following objects are masked from ‘package:stats’:

    filter, lag

"
"2","The following objects are masked from ‘package:base’:

    intersect, setdiff, setequal, union

"
"0","library(fitdistrplus)"
"2","Warning:"
"2"," package ‘fitdistrplus’ was built under R version 4.1.3
"
"2","Loading required package: MASS
"
"2","
Attaching package: ‘MASS’

"
"2","The following object is masked from ‘package:dplyr’:

    select

"
"2","Loading required package: survival
"
"0","n_muestra <- function(sd, confi, tol){"
"0","  return(round(((sd/tol)*qnorm((confi+1)/2))^2))"
"0","} "
"0",""
"0","DF <- read_csv(""Union1.csv"") #CAMBIAR"
"2","New names:
* HoradeLlegada -> HoradeLlegada...5
* HoradeAtención -> HoradeAtención...6
* TiempodeServicio -> TiempodeServicio...7
* HoradeLlegada -> HoradeLlegada...9
* HoradeAtención -> HoradeAtención...10
* ...
"
"1","[1m[1mRows: [1m[22m[34m[34m100[34m[39m [1m[1mColumns: [1m[22m[34m[34m14[34m[39m
"
"1","[36m--[39m [1m[1mColumn specification[1m[22m [36m-----------------------------------------------------------------------------------------------[39m
[1mDelimiter:[22m "",""
[31mchr[39m  (3): Canal, Torre, TipodeCliente
[32mdbl[39m (11): NUM, Piso, HoradeLlegada...5, HoradeAtención...6, TiempodeServicio...7, Tiempoentrellegada, HoradeLlegada...
"
"1","
[36mi[39m Use [38;5;235m[48;5;253m[38;5;235m[48;5;253m`spec()`[48;5;253m[38;5;235m[49m[39m to retrieve the full column specification for this data.
[36mi[39m Specify the column types or set [38;5;235m[48;5;253m[38;5;235m[48;5;253m`show_col_types = FALSE`[48;5;253m[38;5;235m[49m[39m to quiet this message.
"
"0","DF1 <- read_csv(""Union2.csv"")"
"2","New names:
* `Hora de Llegada` -> `Hora de Llegada...6`
* `Hora de Atención` -> `Hora de Atención...7`
* `Duración de Servicio` -> `Duración de Servicio...8`
* `Hora de Llegada` -> `Hora de Llegada...10`
* `Hora de Atención` -> `Hora de Atención...11`
* ...
"
"1","[1m[1mRows: [1m[22m[34m[34m500[34m[39m [1m[1mColumns: [1m[22m[34m[34m16[34m[39m
"
"1","[36m--[39m [1m[1mColumn specification[1m[22m [36m-----------------------------------------------------------------------------------------------[39m
[1mDelimiter:[22m "",""
[31mchr[39m  (3): Torre, Canal, Tipo de Cliente
[32mdbl[39m (13): #, Piso, Grupo, Hora de Llegada...6, Hora de Atención...7, Duración de Servicio...8, Tiempo entre llegada...
"
"1","
[36mi[39m Use [38;5;235m[48;5;253m[38;5;235m[48;5;253m`spec()`[48;5;253m[38;5;235m[49m[39m to retrieve the full column specification for this data.
[36mi[39m Specify the column types or set [38;5;235m[48;5;253m[38;5;235m[48;5;253m`show_col_types = FALSE`[48;5;253m[38;5;235m[49m[39m to quiet this message.
"
"0","colnames(DF)[1:14]<-c(""NUM_CLI"",""PISO"",""CANAL"",""TORRE"",""H_LLEGADAS"",""H_ATENCION"",""T_SERVICIO"",""TIEMPO_ENTRE_LLEGADA"",""H_LLEGADASA"",""H_ATENCIONA"",""T_SERVICIOA"",""H_SALIDA"",""T_T_PROCESO"",""TIPO_C"")"
"0",""
"0","colnames(DF1)[1:16]<-c(""NUM_CLI"",""PISO"",""TORRE"",""CANAL"",""GRUPO"",""H_LLEGADA"",""H_ATENCION"",""T_SERVICIO"",""T_ENTRE_LLEGADA"",""H_LLEGADAA"",""H_ATENCIONA"",""T_SERVICIOA"",""H_SALIDA"",""T_T_PROCESO"",""TIPO_C"",""T_ESPE_ASC"")"
"0",""
"0","Fila1<- DF$NUM_CLI"
"0","Fila2<- DF$PISO"
"0","Fila3<- DF$CANAL"
"0","Fila4<- DF$TORRE"
"0","Fila5<- DF$H_LLEGADAS"
"0","Fila6<- DF$H_ATENCION"
"0","Fila7<- DF$T_SERVICIO"
"0","Fila8<- DF$TIEMPO_ENTRE_LLEGADA"
"0","Fila9<- DF$H_LLEGADASA"
"0","Fila10<- DF$H_ATENCIONA"
"0","Fila11<- DF$T_SERVICIOA"
"0","Fila12<- DF$H_SALIDA"
"0","Fila13<- DF$T_T_PROCESO"
"0","Fila14<- DF$TIPO_C"
"0",""
"0","F1<- DF1$NUM_CLI"
"0","F2<- DF1$PISO"
"0","F3<- DF1$TORRE"
"0","F4<- DF1$CANAL"
"0","F5<- DF1$GRUPO"
"0","F6<- DF1$H_LLEGADA"
"0","F7<- DF1$H_ATENCION"
"0","F8<- DF1$T_SERVICIO"
"0","F9<- DF1$T_ENTRE_LLEGADA"
"0","F10<- DF1$H_LLEGADAA"
"0","F11<- DF1$H_ATENCIONA"
"0","F12<- DF1$T_SERVICIOA"
"0","F13<- DF1$H_SALIDA"
"0","F14<- DF1$T_T_PROCESO"
"0","F15<- DF1$TIPO_C"
"0","F16<- DF1$T_ESPE_ASC"
"0",""
"0","require(utils)"
"0","try(data(package = ""fitdistrplus""))"
"0",""
"0","data(DF1)"
"2","Warning in data(DF1) :"
"2"," data set ‘DF1’ not found
"
