"0",""
"0","for (i in 1:1) {"
"0","  "
"0","  "
"0","###creamos el data-frame  "
"0","dtast<-data.frame(matrix(ncol = 6, nrow = 1,"
"0","                      dimnames = list(NULL, c(""Numero de usuario"", ""Piso"",  ""Canal"", ""Grupo"", ""Hora de llegada"", ""Hora toma ascensor""))))  "
"0","###Creando usuarios"
"0","Tiempo_simulacion=10000"
"0","Hora_actual=0"
"0","indice=1"
"0","Vector_piso_que_elige<-(c(""-2"",""-1"",""2"",""3"",""4"",""5"",""6"",""7"",""8"",""9"",""10"",""11""))"
"0",""
"0","vector_canal_asignado<-(c(""A"",""B"",""C"",""D""))"
"0","vector_grupo<-(c(""1"",""2"",""3"",""4"",""5"",""6"",""7""))"
"0","while (Hora_actual<Tiempo_simulacion) {"
"0",""
"0","  #creando el usuario n"
"0","  Numero_de_usuario<-indice"
"0","   #generamos piso que elige usuario n"
"0","  piso_que_elige<-sample(Vector_piso_que_elige,1,T,prob=c(0.040816327,0.005830904, 0.008746356, 0.005830904, 0.046647230, 0.049562682, 0.189504373, 0.142857143, 0.160349854,0.090379009, 0.110787172, 0.148688047))"
"0","  "
"0","  "
"0","  #generamos canal asignado de usuario n"
"0","  canal_asignado<-sample(vector_canal_asignado,1,T,prob=c(0.1166181, 0.2682216 ,0.3935860, 0.2215743))"
"0","  #generamos grupos con los que llega usuario n"
"0","  cantidad_grupo<-sample(vector_grupo,1,T,prob=c(0.827988338, 0.104956268, 0.046647230, 0.008746356, 0.005830904, 0.002915452, 0.002915452 ))"
"0","  "
"0","  "
"0","  #generamos la hora de llegada del usuario n"
"0","  if(Hora_actual==0){"
"0","    Hora_de_llegada<-0+rexp(1,0.04928161)"
"0","  }"
"0","  else{"
"0","    Hora_de_llegada<-as.numeric(dtast[indice,5])+rexp(1,0.04928161)"
"0","  }"
"0","  "
"0","  "
"0","  #generamos la hora toma el ascensor"
"0","  "
"0","   Hora_toma_ascensor<-Hora_de_llegada+rgamma(1,3.19004743 , 0.04323146)"
"0","   "
"0","     #generamos el vector de cliente n"
"0","  usuario_n<-c(Numero_de_usuario,piso_que_elige,canal_asignado,cantidad_grupo,Hora_de_llegada,Hora_toma_ascensor)"
"0",""
"0","  "
"0","  #agregamos el cliente n a la data si llega antes de el tiempo evaluado"
"0","  if(Hora_de_llegada<Tiempo_simulacion){"
"0","    dtast<-rbind(dtast,usuario_n)"
"0","  }"
"0","  "
"0","  #actualizamos la hora actual a la llegada del ultimo cliente"
"0","  Hora_actual<-Hora_de_llegada"
"0","  "
"0","  #sumamos uno al indice para evaluar al siguiente cliente "
"0","  indice<-indice+1"
"0","}"
"0","  dtast <- dtast[-1, ]"
"0",""
"0","  #generamos los tiempos "
"0","dtast$tiempo_entre_llegadas<-c(dtast$Hora.de.llegada[1],diff(as.numeric(dtast$Hora.de.llegada)))"
"0",""
"0",""
"0","dtast$tiempo_de_cola<-c(as.numeric(dtast$Hora.toma.ascensor)-as.numeric(dtast$Hora.de.llegada))"
"0",""
"0",""
"0",""
"0",""
"0","}"
"0",""
"0","dtast"
